,ELUC_net,ELUC_turnover,ELUC_harvest,ELUC_all
1500,0,0,0,0
1501,-0.014166547,3.67928E-13,-0.027436251,-0.041602798
1502,-0.017542492,-0.007297149,-0.029073674,-0.053913315
1503,-0.037165191,-0.007025694,-0.029696444,-0.073887329
1504,0.010717688,-0.00809957,-0.030723612,-0.028105494
1505,-0.006009397,-0.008485681,-0.032058475,-0.046553553
1506,-0.0066623,-0.008197616,-0.030271332,-0.045131248
1507,-0.029533562,-0.008184522,-0.03595781,-0.073675894
1508,-0.038460174,-0.008635283,-0.029155863,-0.076251321
1509,-0.016537302,-0.008305057,-0.031185489,-0.056027848
1510,-0.04479921,-0.008923231,-0.027201588,-0.080924029
1511,0.016907609,-0.008610336,-0.035354963,-0.02705769
1512,-0.020712815,-0.007676013,-0.036752505,-0.065141333
1513,-0.047495023,-0.008734823,-0.041525153,-0.097754999
1514,0.017512561,-0.008178557,-0.022473886,-0.013139882
1515,-0.010632259,-0.008828775,-0.031723232,-0.051184266
1516,-0.018452253,-0.008727978,-0.02864911,-0.05582934
1517,-0.031557415,-0.010112165,-0.033747462,-0.075417042
1518,-0.011895751,-0.013086057,-0.021555963,-0.04653777
1519,-0.021831185,-0.009936675,-0.040849971,-0.072617831
1520,0.009645138,-0.00954684,-0.022769585,-0.022671287
1521,-0.022308396,-0.011295764,-0.03038582,-0.06398998
1522,-0.015158047,-0.012593649,-0.029398514,-0.057150211
1523,-0.039762136,-0.012836248,-0.025092843,-0.077691227
1524,0.014018337,-0.015437622,-0.024947653,-0.026366938
1525,0.01661233,-0.016040696,-0.016227997,-0.015656364
1526,0.010891366,-0.018246095,-0.034559119,-0.041913848
1527,-0.007931806,-0.020000178,-0.029807006,-0.05773899
1528,-0.036847271,-0.025630817,-0.021332549,-0.083810637
1529,-0.030288646,-0.019620216,-0.031664848,-0.08157371
1530,0.010630413,-0.023341755,-0.014980007,-0.027691349
1531,-0.017176447,-0.026613094,-0.028340744,-0.072130285
1532,-0.038728693,-0.030128524,-0.019514889,-0.088372106
1533,-0.040916576,-0.026291844,-0.036247209,-0.103455629
1534,0.0023118,-0.032199034,-0.019577535,-0.049464769
1535,-0.001184404,-0.031197367,-0.027025679,-0.059407451
1536,-0.000591565,-0.032096358,-0.0126621,-0.045350023
1537,-0.041831975,-0.032071888,-0.027634667,-0.10153853
1538,-0.024220738,-0.036815185,-0.013514641,-0.074550564
1539,-0.015125197,-0.034761586,-0.017176245,-0.067063029
1540,-0.013701969,-0.031186563,-0.02755703,-0.072445562
1541,-0.024468966,-0.035629707,-0.014818107,-0.074916779
1542,-0.012351756,-0.038143269,-0.022284941,-0.072779966
1543,-0.053488013,-0.033316095,-0.012231564,-0.099035671
1544,0.010233062,-0.036556211,-0.020164737,-0.046487887
1545,0.009301859,-0.042274356,-0.00257792,-0.035550417
1546,0.003628643,-0.037483052,-0.022411206,-0.056265615
1547,-0.030970112,-0.034509693,-0.004079602,-0.069559407
1548,-0.007502721,-0.045635563,-0.023773048,-0.076911331
1549,-0.026485318,-0.040674414,-0.022289739,-0.089449472
1550,0.029059447,-0.033710846,-0.017301789,-0.021953188
1551,-0.051381164,-0.044977099,-0.017495549,-0.113853812
1552,-0.039882563,-0.045005821,-0.005239558,-0.090127943
1553,0.006436914,-0.03826534,-0.021738172,-0.053566597
1554,-0.004036632,-0.042151816,-0.012488305,-0.058676753
1555,0.027873902,-0.046840746,-0.024888866,-0.04385571
1556,-0.005441589,-0.044614107,-0.004227791,-0.054283488
1557,-0.046792159,-0.047925602,-0.020355398,-0.115073159
1558,-0.042022082,-0.04412214,-0.011832546,-0.097976768
1559,-0.021234989,-0.043368701,-0.017039477,-0.081643168
1560,0.023831935,-0.047603236,-0.017094557,-0.040865859
1561,-0.071730987,-0.050197632,-0.015288741,-0.13721736
1562,-0.026835023,-0.047253901,-0.015682167,-0.089771091
1563,0.019621424,-0.045715531,-0.013565822,-0.039659929
1564,-0.017334891,-0.047332452,-0.011934405,-0.076601748
1565,0.035706781,-0.04989138,-0.013981259,-0.028165859
1566,0.001549879,-0.053650852,-0.012838194,-0.064939167
1567,-0.065620024,-0.038854485,-0.000108704,-0.104583213
1568,-0.023555345,-0.066661799,-0.022295787,-0.112512932
1569,-0.021344914,-0.046865207,-0.009520735,-0.077730855
1570,0.001972917,-0.047300508,-0.0134892,-0.058816792
1571,-0.051370762,-0.032258962,-0.01031282,-0.093942545
1572,-0.038266145,-0.064178757,-0.005746935,-0.108191837
1573,-0.003791517,-0.047502707,-0.006281524,-0.057575748
1574,-0.003860672,-0.046752179,-0.017978247,-0.068591097
1575,0.039788141,-0.054529744,-0.010720171,-0.025461774
1576,0.005187985,-0.040301155,-0.009985329,-0.045098499
1577,-0.065552911,-0.04271621,-0.020054268,-0.128323389
1578,-0.013429138,-0.054662832,-0.00558544,-0.07367741
1579,-0.025297156,-0.046595362,-0.010623065,-0.082515583
1580,0.012018023,-0.036214342,-0.013293427,-0.037489746
1581,-0.042352404,-0.068993549,-0.009279948,-0.120625901
1582,-0.055590097,-0.031850672,-0.003269208,-0.090709978
1583,0.000803226,-0.041720339,-0.002506952,-0.043424066
1584,-0.00669119,-0.042597284,-0.012627305,-0.061915779
1585,0.023276273,-0.048487228,-0.008782034,-0.033992988
1586,0.007674771,-0.044864826,-0.010104313,-0.047294368
1587,-0.052490741,-0.051709133,-0.007670009,-0.111869884
1588,-0.011640838,-0.048040128,-0.009725211,-0.069406177
1589,-0.002925812,-0.041994848,-0.015999156,-0.060919816
1590,0.001565482,-0.045471708,-0.005166846,-0.049073072
1591,-0.029935654,-0.047848217,-0.013862544,-0.091646415
1592,-0.072012442,-0.041016636,0.000571331,-0.112457746
1593,0.002244154,-0.038145752,-0.003254075,-0.039155673
1594,-0.004578435,-0.046795816,-0.014952744,-0.066326995
1595,0.028337993,-0.043100567,-0.009592172,-0.024354746
1596,0.000832418,-0.047984515,-0.003780981,-0.050933078
1597,-0.065721497,-0.045139255,-0.002244821,-0.113105573
1598,-0.007121911,-0.050261729,-0.007777473,-0.065161113
1599,-0.006772358,-0.043575463,-0.009143851,-0.059491672
1600,-0.021106191,-0.045096553,-0.007840782,-0.074043525
1601,-0.065603277,-0.057767377,-0.00896769,-0.132338344
1602,-0.032105652,-0.049373669,-0.009539089,-0.09101841
1603,-0.000319002,-0.0567742,-0.005859342,-0.062952544
1604,-0.012151368,-0.05161482,-0.006940684,-0.070706872
1605,0.051822841,-0.055393737,-0.00207514,-0.005646037
1606,-0.005241806,-0.042839212,-0.019669138,-0.067750156
1607,-0.054738066,-0.05171797,-0.00905946,-0.115515496
1608,-0.034651033,-0.045766865,-0.007557069,-0.087974968
1609,-0.011247311,-0.043775179,-0.008557991,-0.063580481
1610,0.016753208,-0.041321494,0.001370011,-0.023198276
1611,-0.054956053,-0.03973187,-0.005636943,-0.100324866
1612,-0.05737979,-0.047235211,-0.000844901,-0.105459902
1613,0.003654715,-0.046495538,-0.009147106,-0.051987928
1614,-0.012393933,-0.049791673,-0.001619605,-0.063805212
1615,0.037947009,-0.048775528,-0.012434467,-0.023262986
1616,-0.00230888,-0.036370387,0.009110163,-0.029569105
1617,-0.040749408,-0.041332031,-0.001903623,-0.083985061
1618,-0.025810287,-0.047060548,0.00204582,-0.070825015
1619,-0.010683328,-0.040529996,-0.009795881,-0.061009205
1620,-0.010254536,-0.036882327,-0.0149359,-0.062072763
1621,-0.04218235,-0.053109552,-0.009707767,-0.104999669
1622,-0.07377623,-0.031523986,-0.008015818,-0.113316035
1623,-0.044978911,-0.034623443,-0.001677151,-0.081279505
1624,-0.002429777,-0.040657536,-0.006341184,-0.049428497
1625,0.032457135,-0.043605427,-0.007329899,-0.018478191
1626,-0.003687901,-0.035170011,-0.015890037,-0.054747948
1627,-0.069637358,-0.040784158,-0.01074363,-0.121165146
1628,0.020730121,-0.036502113,-0.012481963,-0.028253956
1629,-0.028130492,-0.035514279,-0.009296994,-0.072941765
1630,-0.015404169,-0.029060655,-0.004069079,-0.048533902
1631,-0.066063039,-0.029918272,-0.005831358,-0.10181267
1632,-0.022504857,-0.046497383,-0.009076776,-0.078079016
1633,-0.049410981,-0.052462623,-0.010454135,-0.112327739
1634,0.008099537,-0.034968919,-0.007190077,-0.03405946
1635,0.019438787,-0.03445,-0.01614552,-0.031156733
1636,-0.016278597,-0.022673736,0.011660903,-0.02729143
1637,-0.048133698,-0.035119109,-0.000999704,-0.084252511
1638,0.009297321,-0.040565127,-0.000302846,-0.031570652
1639,-0.036893299,-0.028544151,-0.007450023,-0.072887474
1640,0.007198114,-0.035068005,-0.045049375,-0.072919267
1641,-0.062371582,-0.011539906,0.002231168,-0.07168032
1642,-0.061202546,-0.042904609,-0.005270529,-0.109377684
1643,-0.005213251,-0.037770244,0.000615187,-0.042368309
1644,-0.011388609,-0.030931784,-0.004417407,-0.046737801
1645,0.043834872,-0.038331174,-0.003662701,0.001840997
1646,-0.017587421,-0.03196979,-0.011641576,-0.061198788
1647,-0.061053929,-0.041599602,-0.004021919,-0.10667545
1648,-0.003424364,-0.041744364,-0.002892921,-0.048061649
1649,-0.013800871,-0.035631653,-0.009706425,-0.059138948
1650,-0.032695254,-0.018947718,-0.00014113,-0.051784102
1651,-0.059639111,-0.029429116,-0.012009601,-0.101077827
1652,-0.06269045,-0.026767109,-0.005797065,-0.095254624
1653,-0.008944035,-0.02660994,-0.007790198,-0.043344172
1654,-0.00216114,-0.036085879,-0.011969134,-0.050216154
1655,0.039947189,-0.033133324,-0.00471574,0.002098125
1656,-0.007484383,-0.029463341,-0.005927256,-0.042874981
1657,-0.052542482,-0.036153999,-0.012723241,-0.101419722
1658,0.003448876,-0.042262147,0.003414956,-0.035398315
1659,-0.033035815,-0.036907862,-0.002090642,-0.072034319
1660,-0.007649303,-0.049083557,-0.04226991,-0.099002771
1661,-0.054718487,-0.046934799,0.001033409,-0.100619877
1662,-0.061770387,-0.024268746,-0.000871979,-0.086911113
1663,-0.030036552,-0.048293082,-0.007105319,-0.085434953
1664,-0.017823443,-0.034649867,-0.004104714,-0.056578024
1665,0.035029753,-0.044020093,-0.006042281,-0.01503262
1666,-0.040212571,-0.020618192,-0.002606508,-0.063437271
1667,-0.046689272,-0.040860893,-0.003838564,-0.091388729
1668,-0.012250576,-0.033724448,-0.00626373,-0.052238754
1669,-0.00254403,-0.01176405,-0.008361228,-0.022669307
1670,-0.017515984,-0.050545742,-0.005713716,-0.073775442
1671,-0.045857768,-0.039260967,-0.002369077,-0.087487813
1672,-0.05978467,-0.042303851,0.003153513,-0.098935008
1673,-0.02842312,-0.038656853,0.001737113,-0.065342861
1674,-0.019455833,-0.037522025,-0.004263342,-0.0612412
1675,0.05396358,-0.029609672,0.000352657,0.024706564
1676,-0.052983656,-0.04142751,-0.005706602,-0.100117768
1677,-0.02404727,-0.047917977,-0.018549754,-0.090515001
1678,-0.041317309,-0.037896509,0.00841243,-0.070801388
1679,-0.032157628,-0.020211445,-0.0047552,-0.057124273
1680,0.008293934,-0.04763102,-0.037602774,-0.07693986
1681,-0.056859998,-0.036208252,0.003176665,-0.089891585
1682,-0.017979337,-0.035084682,-0.003955933,-0.057019952
1683,-0.096034563,-0.038699518,-0.00913969,-0.143873771
1684,-0.029254566,-0.043144607,-0.004329344,-0.076728517
1685,0.02895932,-0.039358074,-0.007771911,-0.018170664
1686,-0.047935929,-0.029227252,-0.002441018,-0.079604199
1687,-0.016921945,-0.034668271,0.005662386,-0.04592783
1688,-0.021219152,-0.053214288,-0.011616803,-0.086050243
1689,-0.011820018,-0.029294026,-0.007033479,-0.048147523
1690,-0.035741812,-0.050010046,0.001343687,-0.08440817
1691,-0.039362906,-0.047937942,-0.002625836,-0.089926683
1692,-0.0707516,-0.033985674,-0.003797657,-0.108534931
1693,-0.050411172,-0.040313771,-0.004235777,-0.09496072
1694,-0.014818308,-0.027716112,-0.006373312,-0.048907732
1695,0.055715658,-0.041631789,-0.001634,0.012449869
1696,-0.064727909,-0.019913683,-0.009065871,-0.093707462
1697,-0.028169256,-0.033912928,-0.011609192,-0.073691375
1698,-0.037327305,-0.049978871,0.003130959,-0.084175217
1699,-0.028628708,-0.027683212,-0.00424779,-0.06055971
1700,-0.012692031,-0.040119055,-0.039044893,-0.091855979
1701,-0.039913869,-0.062817521,0.004065119,-0.09866627
1702,-0.053795707,-0.008090678,-0.001352579,-0.063238964
1703,-0.119069311,-0.030561276,-0.009308872,-0.158939459
1704,-0.040409636,-0.033616575,-0.001966676,-0.075992886
1705,0.004755938,-0.027960405,-0.004437574,-0.02764204
1706,-0.079323483,-0.024531108,-0.004529379,-0.108383969
1707,-0.033076969,-0.018347815,0.003300481,-0.048124303
1708,-0.053601653,-0.041450247,-0.004328706,-0.099380607
1709,-0.005444341,-0.008443235,-0.009523889,-0.023411464
1710,0.002976261,-0.029705638,-0.002662175,-0.029391552
1711,-0.075660479,-0.016987267,-0.009327595,-0.101975341
1712,-0.047868384,-0.020619098,-0.011044945,-0.079532426
1713,-0.086144931,-0.024569377,0.001647439,-0.109066869
1714,-0.055577984,-0.003347893,0.000533952,-0.058391926
1715,0.009398026,-0.013465024,0.001099512,-0.002967487
1716,-0.099894094,-0.001516325,-0.011807536,-0.113217955
1717,-0.027290214,-0.00627717,-0.013008944,-0.046576328
1718,-0.106422874,-0.020336454,-0.010120482,-0.136879811
1719,0.013298091,-0.004513004,-0.00257698,0.006208107
1720,-0.009897635,-0.017649564,-0.035818232,-0.063365431
1721,-0.058592816,0.001142327,-0.00137392,-0.058824409
1722,-0.03622825,-0.018162779,-0.004360063,-0.058751093
1723,-0.057314191,-0.021672069,-0.009733906,-0.088720166
1724,-0.065317863,-0.01572614,-0.007152765,-0.088196768
1725,0.050669206,-0.016427579,-0.012576671,0.021664956
1726,-0.090391412,-0.010299264,-0.002641606,-0.103332283
1727,-0.0387575,-0.003191245,-0.015236791,-0.057185535
1728,-0.054979403,-0.045410692,-0.001435725,-0.101825821
1729,-0.023078201,-0.006416815,-0.006723906,-0.036218922
1730,-0.015180629,-0.029036948,0.002251771,-0.041965807
1731,-0.072631655,-0.020159771,-0.008740124,-0.10153155
1732,-0.047959719,-0.03249324,-0.000107173,-0.080560131
1733,-0.078924655,-0.027085641,-0.004154425,-0.11016472
1734,-0.080458948,-0.023162809,-0.010887054,-0.114508811
1735,0.04729373,-0.03101114,-0.004648027,0.011634563
1736,-0.07752973,-0.003412352,-0.021365516,-0.102307597
1737,-0.066384638,-0.019840195,-0.005274002,-0.091498834
1738,-0.083520565,-0.04776084,-0.010749397,-0.142030802
1739,-0.043009266,-0.023762511,-0.018820748,-0.085592524
1740,-0.002387348,-0.045978262,-0.007725036,-0.056090645
1741,-0.09205645,-0.037801081,-0.016349598,-0.146207129
1742,-0.049893326,-0.027251098,-0.013891904,-0.091036328
1743,-0.114936949,-0.037611784,-0.012440742,-0.164989474
1744,-0.086341174,-0.039103865,-0.008383357,-0.133828396
1745,0.022274204,-0.024869102,-0.011096115,-0.013691014
1746,-0.037031275,-0.018532046,-0.011905985,-0.067469306
1747,-0.127805089,-0.029948861,-0.009863105,-0.167617055
1748,-0.134963777,-0.025934464,-0.012274849,-0.17317309
1749,-0.035438513,-0.01644402,-0.017119069,-0.069001602
1750,-0.034343934,-0.043274883,-0.010948786,-0.088567603
1751,-0.086400582,-0.035663261,-0.012795647,-0.13485949
1752,-0.089654792,-0.035663362,-0.01368588,-0.139004033
1753,-0.136381402,-0.020976603,-0.018239468,-0.175597473
1754,-0.10353574,-0.039742373,-0.010872945,-0.154151057
1755,0.021444134,-0.035679065,-0.013483614,-0.027718545
1756,-0.071673475,-0.036943363,-0.006565931,-0.115182768
1757,-0.152911446,-0.027462773,-0.019775766,-0.200149985
1758,-0.072783634,-0.047614483,-0.013314986,-0.133713103
1759,-0.059692932,-0.04123739,-0.015775415,-0.116705737
1760,-0.030328006,-0.048639834,-0.005631944,-0.084599783
1761,-0.095456521,-0.046282836,-0.01286242,-0.154601777
1762,-0.08697651,-0.043302531,-0.003612067,-0.133891109
1763,-0.113392438,-0.041512822,-0.023268505,-0.178173765
1764,-0.144470301,-0.048547039,-0.01084496,-0.2038623
1765,0.04910119,-0.035887103,-0.03313324,-0.019919152
1766,-0.074560028,-0.036202615,0.003277597,-0.107485046
1767,-0.110737402,-0.047797827,-0.009020054,-0.167555283
1768,-0.138867479,-0.059380251,-0.016936616,-0.215184346
1769,-0.048298082,-0.032803148,-0.014328011,-0.095429241
1770,-0.083621755,-0.046160161,-0.021310034,-0.15109195
1771,-0.099488555,-0.035753522,-0.019030866,-0.154272944
1772,-0.114468076,-0.043143383,-0.018076913,-0.175688372
1773,-0.151978928,-0.059133814,-0.016034036,-0.227146778
1774,-0.166532391,-0.040049228,-0.019466285,-0.226047904
1775,0.011065497,-0.044716247,-0.024520153,-0.058170903
1776,-0.120527855,-0.043365547,-0.023678893,-0.187572295
1777,-0.168929427,-0.069293897,-0.001052965,-0.23927629
1778,-0.195754346,-0.045570094,-0.018562672,-0.259887112
1779,-0.095457225,-0.049100368,-0.02638593,-0.170943524
1780,-0.123789011,-0.044599209,-0.010714735,-0.179102955
1781,-0.092669926,-0.048364486,-0.019200584,-0.160234996
1782,-0.112902711,-0.067008972,-0.019565656,-0.19947734
1783,-0.19842967,-0.059189548,-0.025326181,-0.282945399
1784,-0.167158349,-0.057766941,-0.021382998,-0.246308288
1785,0.010336913,-0.03535498,-0.028276471,-0.053294538
1786,-0.163092525,-0.065072177,-0.012306155,-0.240470857
1787,-0.167412305,-0.042800549,-0.01965976,-0.229872614
1788,-0.190532316,-0.090894638,-0.014311821,-0.295738775
1789,-0.064204493,-0.062007986,-0.029347746,-0.155560226
1790,-0.103172698,-0.05622035,-0.015803433,-0.175196481
1791,-0.083826387,-0.047064453,-0.019829327,-0.150720167
1792,-0.100516445,-0.056959001,-0.008732574,-0.16620802
1793,-0.181436699,-0.07162321,-0.034933586,-0.287993496
1794,-0.188362904,-0.063104445,-0.009796921,-0.26126427
1795,0.05590191,-0.071949577,-0.035992296,-0.052039963
1796,-0.138306,-0.056790004,0.006292261,-0.188803742
1797,-0.134888045,-0.052558891,-0.027841471,-0.215288407
1798,-0.151570117,-0.075565839,-0.006517143,-0.2336531
1799,-0.084893954,-0.073978094,-0.031883589,-0.190755637
1800,-0.085200139,-0.057546086,-0.010996727,-0.153742951
1801,-0.094901564,-0.060961893,-0.018117514,-0.173980971
1802,-0.138033463,-0.057047568,-0.014106887,-0.209187917
1803,-0.191747171,-0.067863302,-0.017080716,-0.276691188
1804,-0.192951406,-0.061131075,-0.025505059,-0.27958754
1805,0.024125024,-0.048112165,-0.02925069,-0.053237831
1806,-0.137710543,-0.080697671,-0.010592128,-0.229000341
1807,-0.169219312,-0.070232127,-0.020211521,-0.25966296
1808,-0.184074782,-0.072346157,-0.02858929,-0.28501023
1809,-0.128274231,-0.045937158,-0.007223128,-0.181434518
1810,-0.138485315,-0.06744518,-0.022764434,-0.228694929
1811,-0.137225614,-0.061422394,-0.026718857,-0.225366866
1812,-0.165712774,-0.069272823,-0.039042863,-0.27402846
1813,-0.207690626,-0.081151159,-0.019108779,-0.307950564
1814,-0.212037972,-0.05527435,-0.020838946,-0.288151268
1815,0.045754115,-0.086599027,-0.028400513,-0.069245426
1816,-0.167515133,-0.047700712,-0.024014303,-0.239230148
1817,-0.175529391,-0.093839834,-0.015777042,-0.285146268
1818,-0.165376676,-0.068388294,-0.030189979,-0.263954949
1819,-0.12778229,-0.077298674,-0.020861998,-0.225942962
1820,-0.129887763,-0.072679437,-0.034812757,-0.237379957
1821,-0.177181125,-0.074003562,-0.008121045,-0.259305731
1822,-0.187527263,-0.07141368,-0.024809308,-0.28375025
1823,-0.230417915,-0.07396541,-0.010654203,-0.315037529
1824,-0.264691553,-0.074982881,-0.016653518,-0.356327952
1825,-0.001795875,-0.093981967,-0.018661868,-0.11443971
1826,-0.196833385,-0.084663335,-0.024977651,-0.306474371
1827,-0.235506697,-0.108471362,-0.023832069,-0.367810128
1828,-0.227032206,-0.111555534,-0.01723245,-0.35582019
1829,-0.206057599,-0.068768466,-0.022965459,-0.297791524
1830,-0.159125787,-0.103458447,-0.026048775,-0.288633009
1831,-0.225843977,-0.095439777,-0.017261138,-0.338544892
1832,-0.23486815,-0.09671503,-0.053954956,-0.385538136
1833,-0.313643409,-0.092738511,-0.027464823,-0.433846743
1834,-0.286082403,-0.105600411,-0.020337945,-0.412020759
1835,-0.0629889,-0.099633611,-0.035612527,-0.198235038
1836,-0.236137033,-0.085442267,-0.020728452,-0.342307753
1837,-0.297155147,-0.112215659,-0.037123041,-0.446493847
1838,-0.266397641,-0.094741851,-0.031098162,-0.392237653
1839,-0.247477794,-0.076717847,-0.033427194,-0.357622834
1840,-0.233996563,-0.100759211,-0.036687208,-0.371442982
1841,-0.241995335,-0.0921753,-0.02876608,-0.362936715
1842,-0.270528867,-0.094817376,-0.007339193,-0.372685436
1843,-0.356344645,-0.085547192,-0.031024042,-0.472915879
1844,-0.35948128,-0.085806098,-0.030948628,-0.476236007
1845,-0.075326244,-0.080142597,-0.033440213,-0.188909053
1846,-0.280064818,-0.073998596,-0.023261409,-0.377324822
1847,-0.329168122,-0.097458053,-0.040656548,-0.467282724
1848,-0.317503226,-0.084676094,-0.016286365,-0.418465685
1849,-0.295235448,-0.053490596,-0.03891784,-0.387643884
1850,-0.219907627,-0.106736229,-0.027568741,-0.354212597
1851,-0.301452245,-0.058967686,-0.046144726,-0.406564658
1852,-0.290388418,-0.097397712,-0.045036658,-0.432822788
1853,-0.393366089,-0.073252211,-0.028385238,-0.495003537
1854,-0.417875504,-0.073515747,-0.040769465,-0.532160717
1855,-0.111981973,-0.078649659,-0.032481361,-0.223112994
1856,-0.337314585,-0.065989824,-0.037161131,-0.440465539
1857,-0.410173248,-0.074662818,-0.038154984,-0.52299105
1858,-0.359616736,-0.097871763,-0.033210709,-0.490699208
1859,-0.348175785,-0.052303776,-0.050632161,-0.451111723
1860,-0.302984508,-0.093871208,-0.036503481,-0.433359197
1861,-0.279848728,-0.075304534,-0.047115321,-0.402268583
1862,-0.3055717,-0.087923584,-0.043031613,-0.436526897
1863,-0.405786631,-0.088705621,-0.036487005,-0.530979257
1864,-0.343119166,-0.0725221,-0.061267239,-0.476908504
1865,-0.060319309,-0.085849778,-0.038179843,-0.18434893
1866,-0.254193948,-0.053331481,-0.060761037,-0.368286466
1867,-0.359982013,-0.085307328,-0.042941423,-0.488230764
1868,-0.325909458,-0.068091577,-0.053419369,-0.447420404
1869,-0.275707641,-0.06066289,-0.049720857,-0.386091387
1870,-0.195924463,-0.076411025,-0.049224956,-0.321560443
1871,-0.280649705,-0.058440278,-0.053180117,-0.392270101
1872,-0.325679837,-0.09997944,-0.036841793,-0.46250107
1873,-0.468355144,-0.060543772,-0.036494824,-0.565393739
1874,-0.441185282,-0.064692676,-0.053778946,-0.559656905
1875,-0.15790618,-0.064248487,-0.030686308,-0.252840975
1876,-0.375714411,-0.053000702,-0.052327264,-0.481042377
1877,-0.467659343,-0.081636268,-0.043087179,-0.59238279
1878,-0.482343081,-0.051839957,-0.047774763,-0.581957801
1879,-0.432516444,-0.055755823,-0.045202987,-0.533475254
1880,-0.410561595,-0.042483199,-0.042862801,-0.495907594
1881,-0.35521574,-0.041018079,-0.051132425,-0.447366243
1882,-0.417544725,-0.065663524,-0.065825306,-0.549033555
1883,-0.524036812,-0.087754101,-0.045364552,-0.657155464
1884,-0.507413644,-0.062800676,-0.061213183,-0.631427503
1885,-0.223850259,-0.054060566,-0.05295927,-0.330870095
1886,-0.410662224,-0.053851508,-0.066772447,-0.531286179
1887,-0.537672863,-0.057272936,-0.063229032,-0.658174831
1888,-0.538415825,-0.087101882,-0.060361746,-0.685879454
1889,-0.517148792,-0.061023499,-0.055614659,-0.633786951
1890,-0.461087388,-0.097921798,-0.075613604,-0.634622791
1891,-0.398210317,-0.086801356,-0.064655867,-0.549667541
1892,-0.447749602,-0.106145402,-0.059544722,-0.613439727
1893,-0.652727453,-0.088496929,-0.049281025,-0.790505407
1894,-0.592815646,-0.093163478,-0.063343772,-0.749322895
1895,-0.306466892,-0.094005916,-0.038685576,-0.439158384
1896,-0.520414678,-0.087122137,-0.072534213,-0.680071027
1897,-0.57848136,-0.094800464,-0.065143489,-0.738425313
1898,-0.649011829,-0.093972664,-0.056963254,-0.799947746
1899,-0.60254998,-0.069923343,-0.06565938,-0.738132702
1900,-0.539358738,-0.121844699,-0.048242432,-0.709445869
1901,-0.412354668,-0.065367255,-0.074414469,-0.552136392
1902,-0.56676474,-0.106320221,-0.081196223,-0.754281183
1903,-0.717983207,-0.066970653,-0.079260266,-0.864214126
1904,-0.676062313,-0.102049732,-0.079389132,-0.857501176
1905,-0.367332317,-0.060871456,-0.072830419,-0.501034191
1906,-0.562026133,-0.10660988,-0.073402937,-0.74203895
1907,-0.661126027,-0.080780483,-0.081650591,-0.823557102
1908,-0.639783898,-0.106601197,-0.07506233,-0.821447426
1909,-0.637888123,-0.076117893,-0.075830533,-0.78983655
1910,-0.566373881,-0.080085235,-0.081172869,-0.727631985
1911,-0.418979462,-0.105604656,-0.084817819,-0.609401937
1912,-0.361563223,-0.096278009,-0.098841391,-0.556682623
1913,-0.609501963,-0.10521623,-0.082733485,-0.797451678
1914,-0.587038613,-0.102405375,-0.100953408,-0.790397396
1915,-0.431868558,-0.102215457,-0.093404332,-0.627488347
1916,-0.524576971,-0.091755299,-0.101718415,-0.718050685
1917,-0.602550156,-0.109822515,-0.104416091,-0.816788762
1918,-0.462010437,-0.102994859,-0.097153637,-0.662158933
1919,-0.27876143,-0.136132478,-0.087621896,-0.502515804
1920,-0.323740945,-0.113519006,-0.094954211,-0.532214161
1921,-0.460382242,-0.13149289,-0.098585723,-0.690460855
1922,-0.479726506,-0.14551262,-0.096990227,-0.722229352
1923,-0.623934328,-0.130133751,-0.11110114,-0.86516922
1924,-0.470986214,-0.135603258,-0.109300609,-0.715890081
1925,-0.485677855,-0.1242224,-0.108066075,-0.717966329
1926,-0.588688753,-0.147519913,-0.114029025,-0.85023769
1927,-0.444063094,-0.158155628,-0.102694916,-0.704913638
1928,-0.611052849,-0.149819599,-0.105702635,-0.866575083
1929,-0.586203678,-0.145236433,-0.112867446,-0.844307557
1930,-0.518040031,-0.15655639,-0.103246987,-0.777843408
1931,-0.678005165,-0.136152258,-0.110229228,-0.924386652
1932,-0.58343433,-0.133139893,-0.111746593,-0.828320816
1933,-0.832870663,-0.14822573,-0.115682931,-1.096779324
1934,-0.707359664,-0.180226315,-0.102441933,-0.990027912
1935,-0.781384323,-0.191766846,-0.103193472,-1.076344641
1936,-0.667873857,-0.174749133,-0.104967256,-0.947590246
1937,-0.803709143,-0.210453599,-0.11255351,-1.126716253
1938,-0.472256996,-0.211973883,-0.111522584,-0.795753463
1939,-0.883634895,-0.188771463,-0.10948536,-1.181891718
1940,-0.844060244,-0.203477876,-0.10921031,-1.15674843
1941,-1.165481822,-0.174348963,-0.120562286,-1.460393071
1942,-1.018731984,-0.181244902,-0.133539526,-1.333516411
1943,-0.943602235,-0.203621849,-0.122732717,-1.269956801
1944,-0.754387048,-0.184329326,-0.123365822,-1.062082196
1945,-0.970929216,-0.17245394,-0.125253321,-1.268636476
1946,-0.853185204,-0.225053325,-0.134825642,-1.213064171
1947,-1.15911022,-0.219389632,-0.128149644,-1.506649496
1948,-0.914440631,-0.249141607,-0.132378878,-1.295961117
1949,-0.751642496,-0.248192436,-0.148565536,-1.148400469
1950,-0.871648178,-0.236773897,-0.142659889,-1.251081963
1951,-0.852082622,-0.2493858,-0.144397807,-1.245866229
1952,-1.052366208,-0.226322362,-0.155621094,-1.434309664
1953,-0.75506223,-0.296699411,-0.137919216,-1.189680857
1954,-1.103271133,-0.337374832,-0.164853428,-1.605499393
1955,-1.187778306,-0.296002301,-0.166192686,-1.649973293
1956,-1.191105295,-0.31327921,-0.17249045,-1.676874955
1957,-0.828086153,-0.356003464,-0.170208279,-1.354297896
1958,-0.918778431,-0.354675983,-0.188921451,-1.462375866
1959,-1.08207547,-0.341113366,-0.191063852,-1.614252687
1960,-1.174776467,-0.359060054,-0.198596452,-1.732432974
1961,-0.619117187,-0.476321604,-0.19926609,-1.294704881
1962,-0.820771471,-0.439043637,-0.21861511,-1.478430219
1963,-0.757761046,-0.444819957,-0.215382678,-1.417963681
1964,-0.687001494,-0.45834522,-0.223894565,-1.369241278
1965,-0.558646077,-0.408096535,-0.227083175,-1.193825788
1966,-0.633361379,-0.426890221,-0.23162819,-1.29187979
1967,-0.633457277,-0.414652853,-0.22059764,-1.268707771
1968,-0.969623831,-0.407291799,-0.225906608,-1.602822238
1969,-0.824591677,-0.375213846,-0.220916768,-1.420722291
1970,-0.811571652,-0.374290998,-0.220144236,-1.406006886
1971,-0.749351937,-0.409883225,-0.228447834,-1.387682995
1972,-0.764417197,-0.348400038,-0.22278549,-1.335602725
1973,-0.828956337,-0.364136991,-0.221711916,-1.414805244
1974,-1.030094756,-0.360309907,-0.22848206,-1.618886722
1975,-0.765276602,-0.374788778,-0.235076512,-1.375141892
1976,-1.219120025,-0.319249214,-0.239124452,-1.77749369
1977,-0.751796713,-0.338924593,-0.249512367,-1.340233673
1978,-1.034060353,-0.321099003,-0.261362719,-1.616522074
1979,-0.834228174,-0.323736431,-0.269004262,-1.426968868
1980,-0.823809288,-0.340784583,-0.295363022,-1.459956893
1981,-0.764675306,-0.305636181,-0.282304979,-1.352616466
1982,-1.175819976,-0.343789483,-0.283596791,-1.80320625
1983,-0.658944184,-0.341098149,-0.282022451,-1.282064784
1984,-1.296025709,-0.340269187,-0.287706035,-1.92400093
1985,-1.215145569,-0.313275586,-0.341245084,-1.869666239
1986,-1.048190527,-0.33116748,-0.361762344,-1.74112035
1987,-1.034952901,-0.369231594,-0.348413418,-1.752597912
1988,-0.78041408,-0.33053263,-0.354169043,-1.465115753
1989,-1.432065443,-0.323959988,-0.358189401,-2.114214831
1990,-1.265390513,-0.365101748,-0.363761618,-1.994253878
1991,-0.718809216,-0.36944745,-0.349391429,-1.437648095
1992,-1.018512034,-0.421808335,-0.366866913,-1.807187282
1993,-1.271019067,-0.33572444,-0.363774201,-1.970517708
1994,-0.672540742,-0.396993424,-0.347868796,-1.417402961
1995,-0.596918313,-0.37146897,-0.340012026,-1.308399308
1996,-1.135994959,-0.384311526,-0.351906535,-1.87221302
1997,-0.97640847,-0.352072025,-0.350999491,-1.679479986
1998,-0.755886327,-0.379052808,-0.326373156,-1.461312291
1999,-1.114731113,-0.337863065,-0.336871465,-1.789465643
2000,-1.105766442,-0.358092361,-0.369633207,-1.833492011
2001,-0.83505868,-0.32755756,-0.354450766,-1.517067006
2002,-0.535717915,-0.333557898,-0.341123013,-1.210398825
2003,-0.844736315,-0.31031689,-0.335230519,-1.490283724
2004,-0.968901672,-0.3143857,-0.33327443,-1.616561803
2005,-0.921364572,-0.323367953,-0.342861199,-1.587593725